INSERT INTO Program VALUES ('001','FORD','2021-02-10','2023-02-10');
INSERT INTO Program VALUES ('002','HONDA','2018-06-12','2020-03-11');
INSERT INTO Program VALUES ('003','CHRYSLER','2020-04-11','2021-04-13');
INSERT INTO Program VALUES ('004','FORD','2020-03-20','2022-05-15');
INSERT INTO Program VALUES ('005','HONDA','2015-11-30','2018-06-18');
INSERT INTO Program VALUES ('006','GENERAL MOTORS','2014-12-22','2019-07-19');
INSERT INTO Program VALUES ('007','CHRYSLER','2017-02-19','2020-08-20');
INSERT INTO Program VALUES ('008','GENERAL MOTORS','2020-08-15','2023-08-24');
INSERT INTO Program VALUES ('009','GENERAL MOTORS','2019-07-16','2021-09-25');
INSERT INTO Program VALUES ('010','FORD','2021-09-19','2022-10-28');

INSERT INTO ProductionLine VALUES ('A12','','PRESS SHOP TWO');
INSERT INTO ProductionLine VALUES ('A13','','PRESS SHOP TWO');
INSERT INTO ProductionLine VALUES ('A14','','PRESS SHOP TWO');
INSERT INTO ProductionLine VALUES ('Civic APLR INR LH','','Assembly');
INSERT INTO ProductionLine VALUES ('HONDA BATTERY TRAY','','Assembly');
INSERT INTO ProductionLine VALUES ('JKBPLR','','Assembly');
INSERT INTO ProductionLine VALUES ('LA INNER','','Assembly');
INSERT INTO ProductionLine VALUES ('Laser7','','Assembly');
INSERT INTO ProductionLine VALUES ('DLine','','PRESS SHOP ONE');
INSERT INTO ProductionLine VALUES ('ELine','','PRESS SHOP ONE');

INSERT INTO Shift VALUES ('1', '2021-07-15', 1);
INSERT INTO Shift VALUES ('2', '2021-07-15', 2);
INSERT INTO Shift VALUES ('3', '2021-07-15', 3);
INSERT INTO Shift VALUES ('4', '2021-07-16', 1);
INSERT INTO Shift VALUES ('5', '2021-07-16', 2);
INSERT INTO Shift VALUES ('6', '2021-07-16', 3);
INSERT INTO Shift VALUES ('7', '2021-07-17', 1);
INSERT INTO Shift VALUES ('8', '2021-07-17', 2);
INSERT INTO Shift VALUES ('9', '2021-07-17', 3);

INSERT INTO Workstation VALUES ('1010179','A12','WS1');
INSERT INTO Workstation VALUES ('1011111','A13','WS2');
INSERT INTO Workstation VALUES ('1010197','A12','WS3');
INSERT INTO Workstation VALUES ('1010175','A14','WS4');
INSERT INTO Workstation VALUES ('1010123','Civic APLR INR LH','WS5');
INSERT INTO Workstation VALUES ('1010112','Civic APLR INR LH','WS6');
INSERT INTO Workstation VALUES ('1011223','HONDA BATTERY TRAY','WS7');
INSERT INTO Workstation VALUES ('1011233','LA INNER','WS8');
INSERT INTO Workstation VALUES ('1011974','Laser7','WS9');
INSERT INTO Workstation VALUES ('1012039','LA INNER','WS10');
INSERT INTO Workstation VALUES ('1011905','DLine','WS11');
INSERT INTO Workstation VALUES ('1018979','ELine','WS12');

INSERT INTO Employee VALUES ('3310000000','Mark','Lees',TRUE,'1234567890','mark.lees@magna.com');
INSERT INTO Employee VALUES ('3340000000','Devansh','Patel',FALSE,'2918379839','devansh.patel@magna.com');
INSERT INTO Employee VALUES ('3312300000','Michael','Wilson',TRUE,'1232567890','michael.wilson@magna.com');
INSERT INTO Employee VALUES ('3345600000','Mark','Buchner',FALSE,'1234569890','mark.buchner@magna.com');
INSERT INTO Employee VALUES ('3378900000','Bassim','Elhassan',FALSE,'1232567890','bassim.elhassan@magna.com');
INSERT INTO Employee VALUES ('3313330000','Shuang','Liang',FALSE,'1234555890','shuang.liang@magna.com');
INSERT INTO Employee VALUES ('3323460000','Pengshuo','Liu',FALSE,'1234522890','penhsuo.liu@magna.com');
INSERT INTO Employee VALUES ('3315670000','Leslie','Carbonara',TRUE,'1235567890','leslie.carbonara@magna.com');
INSERT INTO Employee VALUES ('3319870000','Marcus','Koether',FALSE,'1234566790','marcus.koether@magna.com');

INSERT INTO Part VALUES ('C213','010','RACK');
INSERT INTO Part VALUES ('C312','001','COIL');
INSERT INTO Part VALUES ('N2356L','004','STAMPING');
INSERT INTO Part VALUES ('MAK98','005','PIA');
INSERT INTO Part VALUES ('LOI8I9','002','RACK');
INSERT INTO Part VALUES ('HJHJ12','004','RACK');
INSERT INTO Part VALUES ('AS123','009','COIL');
INSERT INTO Part VALUES ('12AWE','010','STAMPING');
INSERT INTO Part VALUES ('KJH123','003','COIL');
INSERT INTO Part VALUES ('NKJH445','006','PIA');
INSERT INTO Part VALUES ('PLKJ64','007','PIA');
INSERT INTO Part VALUES ('ASD345','009','RACK');
INSERT INTO Part VALUES ('MLKLK34','008','STAMPING');

INSERT INTO ProductionSchedule VALUES ('A12','C213','3310000000','1','925','20');
INSERT INTO ProductionSchedule VALUES ('A13','C312','3310000000','1','324','21');
INSERT INTO ProductionSchedule VALUES ('A14','N2356L','3310000000','2','345','22');
INSERT INTO ProductionSchedule VALUES ('DLine','LOI8I9','3312300000','2','765','21');
INSERT INTO ProductionSchedule VALUES ('ELine','HJHJ12','3312300000','4','876','20');
INSERT INTO ProductionSchedule VALUES ('Laser7','NKJH445','3312300000','5','987','20');
INSERT INTO ProductionSchedule VALUES ('Civic APLR INR LH','12AWE','3315670000','6','097','21');
INSERT INTO ProductionSchedule VALUES ('Civic APLR INR LH','ASD345','3315670000','7','456','21');
INSERT INTO ProductionSchedule VALUES ('LA INNER','AS123','3315670000','8','234','22');
INSERT INTO ProductionSchedule VALUES ('HONDA BATTERY TRAY','MLKLK34','3315670000','9','256','20');
INSERT INTO ProductionSchedule VALUES ('A12','PLKJ64','3310000000','3','165','19');

INSERT INTO EmployeeSchedule VALUES ('3340000000','1012039','3310000000','1');
INSERT INTO EmployeeSchedule VALUES ('3345600000','1011111','3310000000','2');
INSERT INTO EmployeeSchedule VALUES ('3340000000','1011111','3310000000','3');
INSERT INTO EmployeeSchedule VALUES ('3345600000','1010179','3312300000','4');
INSERT INTO EmployeeSchedule VALUES ('3378900000','1010197','3312300000','5');
INSERT INTO EmployeeSchedule VALUES ('3378900000','1010175','3312300000','6');
INSERT INTO EmployeeSchedule VALUES ('3313330000','1010123','3312300000','7');
INSERT INTO EmployeeSchedule VALUES ('3313330000','1010112','3315670000','8');
INSERT INTO EmployeeSchedule VALUES ('3323460000','1011974','3315670000','9');
INSERT INTO EmployeeSchedule VALUES ('3323460000','1011233','3315670000','1');
INSERT INTO EmployeeSchedule VALUES ('3319870000','1011223','3315670000','3');
INSERT INTO EmployeeSchedule VALUES ('3319870000','1011905','3312300000','5');
INSERT INTO EmployeeSchedule VALUES ('3340000000','1011974','3315670000','7');
INSERT INTO EmployeeSchedule VALUES ('3319870000','1018979','3310000000','9');

INSERT INTO ScanInfo VALUES ('1','3310000000','1010179', '2021-07-15', '05:00:00', TRUE);
INSERT INTO ScanInfo VALUES ('2','3340000000','1011111', '2021-07-16', '05:00:00', TRUE);
INSERT INTO ScanInfo VALUES ('3','3312300000','1010197', '2021-07-17', '05:00:00', TRUE);
INSERT INTO ScanInfo VALUES ('15','3310000000','1010179', '2021-07-15', '10:58:00', FALSE);
INSERT INTO ScanInfo VALUES ('16','3340000000','1011111', '2021-07-16', '12:58:00', FALSE);
INSERT INTO ScanInfo VALUES ('17','3312300000','1010197', '2021-07-17', '13:57:00', FALSE);
INSERT INTO ScanInfo VALUES ('4','3345600000','1010175', '2021-07-15', '05:00:00', TRUE);
INSERT INTO ScanInfo VALUES ('5','3378900000','1010123', '2021-07-16', '05:00:00', TRUE);
INSERT INTO ScanInfo VALUES ('6','3345600000','1011223', '2021-07-17', '05:00:00', TRUE);
INSERT INTO ScanInfo VALUES ('14','3345600000','1010175', '2021-07-15', '12:00:00', FALSE);
INSERT INTO ScanInfo VALUES ('18','3378900000','1010123', '2021-07-16', '13:32:00', FALSE);
INSERT INTO ScanInfo VALUES ('19','3345600000','1011223', '2021-07-17', '10:44:00', FALSE);
INSERT INTO ScanInfo VALUES ('7','3323460000','1011233', '2021-07-15', '05:00:00', TRUE);
INSERT INTO ScanInfo VALUES ('20','3323460000','1011233', '2021-07-15', '11:00:00', FALSE);
INSERT INTO ScanInfo VALUES ('8','3315670000','1011974', '2021-07-16', '05:00:00', TRUE);
INSERT INTO ScanInfo VALUES ('9','3319870000','1012039', '2021-07-17', '05:00:00', TRUE);
INSERT INTO ScanInfo VALUES ('10','3312300000','1011905', '2021-07-15', '05:00:00', TRUE);
INSERT INTO ScanInfo VALUES ('21','3315670000','1011974', '2021-07-16', '12:30:00', FALSE);
INSERT INTO ScanInfo VALUES ('22','3319870000','1012039', '2021-07-17', '11:30:00', FALSE);
INSERT INTO ScanInfo VALUES ('23','3312300000','1011905', '2021-07-15', '13:00:00', FALSE);
INSERT INTO ScanInfo VALUES ('11','3310000000','1018979', '2021-07-16', '05:00:00', TRUE);
INSERT INTO ScanInfo VALUES ('12','3340000000','1010179', '2021-07-17', '05:00:00', TRUE);
INSERT INTO ScanInfo VALUES ('13','3345600000','1011111', '2021-07-15', '05:00:00', TRUE);
INSERT INTO ScanInfo VALUES ('24','3310000000','1018979', '2021-07-16', '11:45:00', FALSE);
INSERT INTO ScanInfo VALUES ('25','3340000000','1010179', '2021-07-17', '12:00:00', FALSE);
INSERT INTO ScanInfo VALUES ('26','3345600000','1011111', '2021-07-15', '12:45:00', FALSE);

INSERT INTO TimeAttendence VALUES ('3310000000','7.25','123.45');
INSERT INTO TimeAttendence VALUES ('3340000000','9','456');
INSERT INTO TimeAttendence VALUES ('3312300000','8','111');
INSERT INTO TimeAttendence VALUES ('3345600000','7','115.45');
INSERT INTO TimeAttendence VALUES ('3378900000','7.50','342.45');
INSERT INTO TimeAttendence VALUES ('3313330000','8.25','234.65');
INSERT INTO TimeAttendence VALUES ('3323460000','6','123.45');
INSERT INTO TimeAttendence VALUES ('3315670000','7','125.45');
INSERT INTO TimeAttendence VALUES ('3319870000','7.25','543.45');
INSERT INTO TimeAttendence VALUES ('3310000000','7.50','234.45');
INSERT INTO TimeAttendence VALUES ('3312300000','8.50','137.45');
INSERT INTO TimeAttendence VALUES ('3319870000','9','175.45');
INSERT INTO TimeAttendence VALUES ('3310000000','8.25','180.45');
INSERT INTO TimeAttendence VALUES ('3312300000','9.25','195.45');
INSERT INTO TimeAttendence VALUES ('3315670000','8','200.45');

INSERT INTO Downtime VALUES ('A12','1','09:13:00','09:17:00');
INSERT INTO Downtime VALUES ('A13','2','15:15:00','16:21:00');
INSERT INTO Downtime VALUES ('A14','3','19:23:00','20:19:00');
INSERT INTO Downtime VALUES ('Civic APLR INR LH','4','09:13:00','09:17:00');
INSERT INTO Downtime VALUES ('HONDA BATTERY TRAY','5','15:15:00','16:11:00');
INSERT INTO Downtime VALUES ('JKBPLR','6','19:23:00','20:29:00');
INSERT INTO Downtime VALUES ('LA INNER','7','15:15:00','16:31:00');
INSERT INTO Downtime VALUES ('Laser7','8','09:03:00','09:27:00');
INSERT INTO Downtime VALUES ('DLine','9','19:23:00','20:21:00');
INSERT INTO Downtime VALUES ('ELine','1','09:13:00','09:11:00');
INSERT INTO Downtime VALUES ('A12','2','19:23:00','20:29:00');
INSERT INTO Downtime VALUES ('A13','3','15:15:00','16:11:00');
INSERT INTO Downtime VALUES ('A14','5','09:13:00','09:15:00');
INSERT INTO Downtime VALUES ('DLine','6','19:23:00','20:54:00');
INSERT INTO Downtime VALUES ('ELine','7','15:15:00','16:11:00');
INSERT INTO Downtime VALUES ('JKBPLR','8','09:13:00','09:19:00');
INSERT INTO Downtime VALUES ('Laser7','9','19:23:00','20:10:00');
INSERT INTO Downtime VALUES ('HONDA BATTERY TRAY','4','15:15:00','16:19:00');

INSERT INTO Quantity VALUES ('A12','1','1010179','05:00:00','13:00:00','160','155');
INSERT INTO Quantity VALUES ('A13','2','1011111','05:00:00','13:00:00','165','155');
INSERT INTO Quantity VALUES ('A14','3','1010197','05:00:00','13:00:00','170','160');
INSERT INTO Quantity VALUES ('Laser7','4','1010175','05:00:00','13:00:00','190','170');
INSERT INTO Quantity VALUES ('DLine','5','1010123','05:00:00','13:00:00','200','200');
INSERT INTO Quantity VALUES ('ELine','6','1010112','05:00:00','13:00:00','210','200');
INSERT INTO Quantity VALUES ('JKBPLR','7','1011223','05:00:00','13:00:00','180','165');
INSERT INTO Quantity VALUES ('Civic APLR INR LH','8','1011233','05:00:00','13:00:00','185','170');
INSERT INTO Quantity VALUES ('HONDA BATTERY TRAY','9','1011974','05:00:00','13:00:00','170','165');
INSERT INTO Quantity VALUES ('LA INNER','1','1012039','05:00:00','13:00:00','180','180');
INSERT INTO Quantity VALUES ('A12','2','1011905','05:00:00','13:00:00','175','170');
INSERT INTO Quantity VALUES ('A13','3','1018979','05:00:00','13:00:00','180','175');